{"count":1,"gauges":{},"self":11.4886152,"total":12.6954155,"children":{"AgentResetIfDone":{"count":233,"self":0.0039856,"total":0.0039856,"children":null},"AgentSendState":{"count":233,"self":0.016888,"total":0.0228662,"children":{"CollectObservations":{"count":472,"self":0.0059781999999999995,"total":0.0059781999999999995,"children":null}}},"DecideAction":{"count":233,"self":0.8855164,"total":1.1365779999999999,"children":{"RayPerceptionSensor.Perceive":{"count":472,"self":0.2510616,"total":0.2510616,"children":null}}},"AcademyStep":{"count":233,"self":0,"total":0,"children":null},"AgentAct":{"count":233,"self":0.0239673,"total":0.0239673,"children":null}}}